册号	DjVu文件名	页数	所含卷次	备注
一	CADAL02047423 稽古篇（一）.djvu	97	自敘+總目錄+卷1	p1封面;p2-p9自敘(版心"自敘"叶1-5,末署著雍閹茂=戊戌1658);p10起總目錄(子部,列卷1-6子目);无凡例;卷1=八統二十紀總敘+皇統敘+帝統敘(八統之一二,含古今人表式表格);八統跨卷1-3
二	CADAL02047424 稽古篇（二）.djvu	95	卷2-3	p2卷之二卷端(商殷王統序);卷3含周王統/諸家贊(末页p94版心"諸家贊")
三	CADAL02047425 稽古篇（三）.djvu	74	細目(丑部)+卷4	p2为"稽古篇細目 丑部"(列卷四、卷五子目:二十紀之一至之六);卷4=列國分紀總敘+齊魯衛紀及歷世表(末页p73为衛君世系表)
四	CADAL02047426 稽古篇（四）.djvu	93	卷5-7	p2卷之五卷端(燕紀敘,二十紀之四至六);末页p92版心"卷之七 列國論斷"
五	CADAL02047427 稽古篇（五）.djvu	102	卷8-9	p2卷之八卷端(戰國總敘)
六	CADAL02047428 稽古篇（六）.djvu	110	卷10-11	p2卷之十卷端(齊桓公列傳第八);列傳序数与卷次错位,列傳起于卷9前后
七	CADAL02047429 稽古篇（七）.djvu	106	卷12-13	p2卷之十二卷端(曹沫列傳第十七)
八	CADAL02047430 稽古篇（八）.djvu	207	卷14-15	p2卷之十四卷端(趙衰趙盾趙武列傳第二十九);全套页数最多一册
九	CADAL02047431 稽古篇（九）.djvu	88	卷16-17	p2卷之十六卷端(荀罃列傳第三十七)
十	CADAL02047432 稽古篇（十）.djvu	109	卷18-19	p2卷之十八卷端(燕昭列傳第四十八)
十一	CADAL02047433 稽古篇（十一）.djvu	100	卷20-21	p2卷之二十卷端(楚莊列傳第五十九)
十二	CADAL02047434 稽古篇（十二）.djvu	66	卷22-23	p2卷之二十二卷端(越勾踐列傳第七十二);全套页数最少一册
十三	CADAL02047435 稽古篇（十三）.djvu	91	卷24-25	p2卷之二十四卷端(張孟談列傳第八十,附段規趙葭)
十四	CADAL02047436 稽古篇（十四）.djvu	77	卷26-27	p2卷之二十六卷端(秦穆公列傳第九十一)
十五	CADAL02047437 稽古篇（十五）.djvu	96	卷28-29	p2卷之二十八卷端(專諸要離列傳第一,题下注"外傳凡四");外傳部起此;總傳第一、二当在卷29
十六	CADAL02047438 稽古篇（十六）.djvu	104	卷30-31	p2卷之三十卷端(忠孝總傳第三,共二十六人附十四人)
十七	CADAL02047439 稽古篇（十七）.djvu	103	卷32-33	p2卷之三十二卷端(匡救總傳第七,共四十一人)
十八	CADAL02047440 稽古篇（十八）.djvu	81	卷34-35	p2卷之三十四卷端(辭命總傳第十,共三十一人)
十九	CADAL02047441 稽古篇（十九）.djvu	99	卷36-37	p2卷之三十六卷端(滑稽總傳第十二,共三十八人)
二十	CADAL02047442 稽古篇（二十）.djvu	110	卷38-39	p2卷之三十八卷端(占驗總傳第十四,共四十四人附妖祥十三事)
二十一	CADAL02047443 稽古篇（二十一）.djvu	120	卷40-41	p2卷之四十卷端(說客總傳第十八,共十九人);末页p119刻"稽古篇卷之四十一終"(侦察报告亲验)
二十三	CADAL02047444 稽古篇（二十三）.djvu	114	卷42-43	首起卷之四十二(四惡總傳第二十二)(侦察报告亲验);CADAL无"二十二"册系编号跳号,内容与前册连续无缺
二十四	CADAL02047445 稽古篇（二十四）.djvu	81	卷44-45	p2卷之四十四卷端(逆人總傳第二十六)
二十五	CADAL02047446 稽古篇（二十五）.djvu	119	卷46-50	p2卷之四十六卷端(朝鮮總傳第二十九);p37卷之四十七卷端=《六訓敘》专卷(敘文p37-40,末附《六訓贊》六章,p40起);约p41-42后接卷48儀象訓、卷49律曆訓(p50/p60/p76均律曆内容)、卷50六經訓之詩訓等(末页p118版心"詩訓");卷48-50精确起讫页待P3逐页核
二十六	CADAL02047447 稽古篇（二十六）.djvu	107	卷51-52	p2卷之五十一卷端(春秋訓);卷52百家訓约起p67(p106版心"百家訓神仙"叶四十反推)
二十七	CADAL02047448 稽古篇（二十七）.djvu	185	卷53-55+四库提要	p2卷之五十三卷端(官制訓上);官制訓下(卷54)约起p97(p125版心"官制下秦漢"叶二九反推);卷55=封域訓(六訓敘"次六訓封域",卷端页待P3定位);末页附《四库全书总目》稽古編提要(侦察报告亲验)
# 总计: 26册 / 2734页(Commons API pagecount逐册核对,合计2734) / 卷1-55全 + 自敘 + 總目錄 + 細目 + 四库提要
# 图像规格: 2000x3000 黑白二值;取图: https://commons.wikimedia.org/w/thumb.php?f=<文件名URL编码>&p=<页码>&w=1400
# 六訓部结构(据卷47《六訓敘》原文): 卷47六訓敘 | 训一儀象(卷48) 训二律曆(卷49) 训三六經(卷50詩訓等+卷51春秋訓) 训四百家(卷52) 训五官制(卷53-54上下) 训六封域(卷55)
# 编制: 2026-07-10, 依据: Commons API + 26册卷端/卷尾/探针页逐页目验
# 【结构校正 2026-07-11】册08(CADAL02047430):稽古篇正文止于 p95「卷十五終」;p96-207 系明·唐大章《書系》十六卷(装订/扫描混入,四库浙江采进本提要在 p207),非稽古篇,未录入。
# 教训:manifest 的 DjVu 页数含混入他书,不能当稽古篇对账分母;各册以版心「卷X終」实际收尾为准。收工前需逐册核实真实末页,重算纯稽古篇总页。
